{
    "best_model": "logistic_regression",
    "selection_metric": "roc_auc",
    "test_size": 0.2,
    "random_state": 42,
    "metrics": {
        "logistic_regression": {
            "accuracy": 0.7381121362668559,
            "precision": 0.504302925989673,
            "recall": 0.7834224598930482,
            "f1_score": 0.6136125654450262,
            "roc_auc": 0.8412978893797307
        },
        "random_forest": {
            "accuracy": 0.7601135557132718,
            "precision": 0.536144578313253,
            "recall": 0.713903743315508,
            "f1_score": 0.6123853211009175,
            "roc_auc": 0.8351339481774265
        }
    }
}